param,station,lead_h,mean,sd
intercept,Bellever,24,-0.984758579155385,0.1555866090393321
precip_ecmwf_ifs025,Bellever,24,1.1405262248414552,0.12122053750076969
precip_gem_seamless,Bellever,24,0.628553263237833,0.11651312903742517
precip_gfs_seamless,Bellever,24,0.1042207670947657,0.10350934663218757
precip_icon_seamless,Bellever,24,0.07496491352066594,0.1191273515282481
precip_meteofrance_seamless,Bellever,24,0.21526753745351612,0.09468622944904077
precip_ukmo_seamless,Bellever,24,1.7627642414912446,0.6928403140707421
hour_sin,Bellever,24,0.052622509638097996,0.06388347935738664
hour_cos,Bellever,24,-0.1500032043016263,0.06251256732689836
intercept,Bellever,48,-1.8727858774633197,0.19262980581899794
precip_ecmwf_ifs025,Bellever,48,0.7664282810001392,0.0986347505347311
precip_gem_seamless,Bellever,48,0.4897880566846452,0.08450494003023522
precip_gfs_seamless,Bellever,48,-0.004679428626611177,0.07531860315092419
precip_icon_seamless,Bellever,48,0.12420641207257199,0.10299511821269836
precip_meteofrance_seamless,Bellever,48,-0.12493486092286113,0.13511305983427296
precip_ukmo_seamless,Bellever,48,-2.080354215456576,0.8807321438945576
hour_sin,Bellever,48,0.018138786047935524,0.06067764939599773
hour_cos,Bellever,48,-0.13581746823671279,0.06208736485983903
intercept,Bellever,72,-1.2313899615167538,0.11465846875042267
precip_ecmwf_ifs025,Bellever,72,0.28186119951238964,0.0753939572845612
precip_gem_seamless,Bellever,72,0.7385268775599623,0.12663440744407792
precip_gfs_seamless,Bellever,72,0.15018845462623515,0.11845261787047358
precip_icon_seamless,Bellever,72,0.29252321578407064,0.08636914480554021
precip_meteofrance_seamless,Bellever,72,-0.0034730210140555807,0.12949074142886846
precip_ukmo_seamless,Bellever,72,0.3915397985263748,0.4744548363873233
hour_sin,Bellever,72,-0.023514362024688217,0.060774230357820806
hour_cos,Bellever,72,-0.17258212977127374,0.062096272417845474
intercept,Princetown,24,-0.9575638488719124,0.15534436992991055
precip_ecmwf_ifs025,Princetown,24,1.09925829159859,0.11938204679768165
precip_gem_seamless,Princetown,24,0.5298653989940479,0.11337345175756973
precip_gfs_seamless,Princetown,24,-0.015817866709414315,0.09664350420843723
precip_icon_seamless,Princetown,24,0.07473880278409012,0.11439785393526157
precip_meteofrance_seamless,Princetown,24,0.20394823558370803,0.09438194689272322
precip_ukmo_seamless,Princetown,24,1.5253837767960432,0.6853861330952049
hour_sin,Princetown,24,0.08514141522186577,0.06312240762198452
hour_cos,Princetown,24,-0.03897864064860447,0.06435565025568672
intercept,Princetown,48,-1.8427558586174217,0.19220376528159036
precip_ecmwf_ifs025,Princetown,48,0.710474880510027,0.09469614461280372
precip_gem_seamless,Princetown,48,0.4064437184092633,0.07457403101785867
precip_gfs_seamless,Princetown,48,-0.13900470861853376,0.09219833755996641
precip_icon_seamless,Princetown,48,0.10869516897353722,0.09979702190337714
precip_meteofrance_seamless,Princetown,48,-0.09981768659393181,0.13226239838742257
precip_ukmo_seamless,Princetown,48,-2.2627004378079127,0.885725279231246
hour_sin,Princetown,48,0.05290778217109136,0.05997003675103356
hour_cos,Princetown,48,-0.02812769340257768,0.0642661275218799
intercept,Princetown,72,-1.205147907404943,0.1139782497434744
precip_ecmwf_ifs025,Princetown,72,0.22958654999943554,0.0758500558723415
precip_gem_seamless,Princetown,72,0.6447167738595913,0.11185490051822426
precip_gfs_seamless,Princetown,72,0.0012766377873341557,0.11512481071773986
precip_icon_seamless,Princetown,72,0.2530316458542978,0.08576769454303279
precip_meteofrance_seamless,Princetown,72,0.004352541840423241,0.12975120175636357
precip_ukmo_seamless,Princetown,72,0.2183471756649128,0.47716529438864025
hour_sin,Princetown,72,0.011489726063035348,0.06110349015328769
hour_cos,Princetown,72,-0.06471944369107131,0.06264260409913058
intercept,Hexworthy,24,-0.9208250891541067,0.15677303915589583
precip_ecmwf_ifs025,Hexworthy,24,1.151734139977386,0.12239857843254905
precip_gem_seamless,Hexworthy,24,0.6153298548050252,0.11804168912165557
precip_gfs_seamless,Hexworthy,24,0.024133251965143408,0.09562301778905477
precip_icon_seamless,Hexworthy,24,0.08046264353871616,0.11543229739532594
precip_meteofrance_seamless,Hexworthy,24,0.21175522027783,0.09462552900152287
precip_ukmo_seamless,Hexworthy,24,1.6263799004476678,0.6881553339771364
hour_sin,Hexworthy,24,0.03325481595999527,0.06247119986850402
hour_cos,Hexworthy,24,-0.1581926785271275,0.06220415678236545
intercept,Hexworthy,48,-1.8131312517804787,0.19325791052476735
precip_ecmwf_ifs025,Hexworthy,48,0.7408026571979741,0.09682678390016684
precip_gem_seamless,Hexworthy,48,0.46738837474771605,0.08019819394904733
precip_gfs_seamless,Hexworthy,48,-0.0523556146033912,0.07566862422764067
precip_icon_seamless,Hexworthy,48,0.0964179601271366,0.10216478694180668
precip_meteofrance_seamless,Hexworthy,48,-0.11994842075977392,0.1350178905528964
precip_ukmo_seamless,Hexworthy,48,-2.210868049162912,0.8854546030083187
hour_sin,Hexworthy,48,0.0006959862418129624,0.05982227342881097
hour_cos,Hexworthy,48,-0.14434212576473635,0.061105166661264414
intercept,Hexworthy,72,-1.1759590529711728,0.11297564750627571
precip_ecmwf_ifs025,Hexworthy,72,0.29628183088578613,0.07773177879538139
precip_gem_seamless,Hexworthy,72,0.6328133970655441,0.11362800159097211
precip_gfs_seamless,Hexworthy,72,0.038686100715467533,0.11056429346334119
precip_icon_seamless,Hexworthy,72,0.2900143167474164,0.08579220869713156
precip_meteofrance_seamless,Hexworthy,72,0.0035386517116484024,0.12906572587637669
precip_ukmo_seamless,Hexworthy,72,0.28179840229879455,0.46820234263533567
hour_sin,Hexworthy,72,-0.041234096673024155,0.06065189866941965
hour_cos,Hexworthy,72,-0.18170303046183695,0.06203986090037294
