station,lead_h,bin_lo,bin_hi,n,mean_pred,obs_wet_frac,model
Bellever,24,0.1,0.2,1562,0.12821042845941263,0.09282970550576185,phase3a_per_lead
Bellever,24,0.2,0.30000000000000004,133,0.24729135342484446,0.40601503759398494,phase3a_per_lead
Bellever,24,0.30000000000000004,0.4,46,0.3446472342760591,0.5869565217391305,phase3a_per_lead
Bellever,24,0.4,0.5,34,0.4506845045003808,0.7647058823529411,phase3a_per_lead
Bellever,24,0.5,0.6000000000000001,37,0.5430269637837594,0.7837837837837838,phase3a_per_lead
Bellever,24,0.6000000000000001,0.7000000000000001,21,0.6508189206413652,0.5714285714285714,phase3a_per_lead
Bellever,24,0.7000000000000001,0.8,22,0.7556109151263928,0.5909090909090909,phase3a_per_lead
Bellever,24,0.8,0.9,49,0.8488466724309652,0.7346938775510204,phase3a_per_lead
Bellever,24,0.9,1.0,120,0.9805855711148314,0.7916666666666666,phase3a_per_lead
Bellever,48,0.0,0.1,165,0.047189273612077406,0.40606060606060607,phase3a_per_lead
Bellever,48,0.1,0.2,1671,0.1493173145040614,0.14721723518850988,phase3a_per_lead
Bellever,48,0.2,0.30000000000000004,98,0.23403173781900516,0.5306122448979592,phase3a_per_lead
Bellever,48,0.30000000000000004,0.4,29,0.3441800449231145,0.7241379310344828,phase3a_per_lead
Bellever,48,0.4,0.5,9,0.4285408493661992,0.3333333333333333,phase3a_per_lead
Bellever,48,0.5,0.6000000000000001,10,0.5375969330526955,0.8,phase3a_per_lead
Bellever,48,0.6000000000000001,0.7000000000000001,12,0.6573386175735986,1.0,phase3a_per_lead
Bellever,48,0.7000000000000001,0.8,15,0.7523463856245373,0.9333333333333333,phase3a_per_lead
Bellever,48,0.8,0.9,7,0.8430266722882613,0.8571428571428571,phase3a_per_lead
Bellever,48,0.9,1.0,8,0.9726048397923112,1.0,phase3a_per_lead
Bellever,72,0.1,0.2,1492,0.15586401080220721,0.11394101876675604,phase3a_per_lead
Bellever,72,0.2,0.30000000000000004,269,0.23828878143620874,0.4200743494423792,phase3a_per_lead
Bellever,72,0.30000000000000004,0.4,65,0.3441085449586853,0.6615384615384615,phase3a_per_lead
Bellever,72,0.4,0.5,32,0.44892950904456136,0.53125,phase3a_per_lead
Bellever,72,0.5,0.6000000000000001,32,0.5509819248103016,0.4375,phase3a_per_lead
Bellever,72,0.6000000000000001,0.7000000000000001,27,0.6415027720051631,0.5925925925925926,phase3a_per_lead
Bellever,72,0.7000000000000001,0.8,16,0.7464456104965957,0.5625,phase3a_per_lead
Bellever,72,0.8,0.9,16,0.8525782554497969,0.8125,phase3a_per_lead
Bellever,72,0.9,1.0,41,0.9578251724596283,0.8048780487804879,phase3a_per_lead
Princetown,24,0.1,0.2,1540,0.1442782807366198,0.13116883116883116,phase3a_per_lead
Princetown,24,0.2,0.30000000000000004,249,0.23872225085096654,0.3493975903614458,phase3a_per_lead
Princetown,24,0.30000000000000004,0.4,80,0.34335881009737335,0.55,phase3a_per_lead
Princetown,24,0.4,0.5,72,0.4538140518910109,0.625,phase3a_per_lead
Princetown,24,0.5,0.6000000000000001,59,0.5429755295286549,0.559322033898305,phase3a_per_lead
Princetown,24,0.6000000000000001,0.7000000000000001,51,0.6363809123767925,0.5686274509803921,phase3a_per_lead
Princetown,24,0.7000000000000001,0.8,51,0.7514651248703861,0.6274509803921569,phase3a_per_lead
Princetown,24,0.8,0.9,60,0.8526414983882833,0.5833333333333334,phase3a_per_lead
Princetown,24,0.9,1.0,352,0.9825633848100016,0.8011363636363636,phase3a_per_lead
Princetown,48,0.0,0.1,352,0.040986306682313484,0.6221590909090909,phase3a_per_lead
Princetown,48,0.1,0.2,1705,0.16091342580426896,0.1841642228739003,phase3a_per_lead
Princetown,48,0.2,0.30000000000000004,232,0.23180998174104311,0.4396551724137931,phase3a_per_lead
Princetown,48,0.30000000000000004,0.4,67,0.3439327283617626,0.5970149253731343,phase3a_per_lead
Princetown,48,0.4,0.5,39,0.4441650055711534,0.5641025641025641,phase3a_per_lead
Princetown,48,0.5,0.6000000000000001,25,0.5585384293746871,0.64,phase3a_per_lead
Princetown,48,0.6000000000000001,0.7000000000000001,36,0.6517296298183834,0.8333333333333334,phase3a_per_lead
Princetown,48,0.7000000000000001,0.8,22,0.7382649025943298,0.8636363636363636,phase3a_per_lead
Princetown,48,0.8,0.9,19,0.8595840624018352,0.8421052631578947,phase3a_per_lead
Princetown,48,0.9,1.0,17,0.9349995379460163,0.6470588235294118,phase3a_per_lead
Princetown,72,0.1,0.2,1329,0.17359194380400877,0.15500376222723852,phase3a_per_lead
Princetown,72,0.2,0.30000000000000004,522,0.23742830333990772,0.32950191570881227,phase3a_per_lead
Princetown,72,0.30000000000000004,0.4,157,0.34333605508174353,0.4840764331210191,phase3a_per_lead
Princetown,72,0.4,0.5,105,0.45259215042581724,0.6095238095238096,phase3a_per_lead
Princetown,72,0.5,0.6000000000000001,83,0.5456525699225764,0.6626506024096386,phase3a_per_lead
Princetown,72,0.6000000000000001,0.7000000000000001,87,0.642188647541938,0.5517241379310345,phase3a_per_lead
Princetown,72,0.7000000000000001,0.8,57,0.7487782521230715,0.7192982456140351,phase3a_per_lead
Princetown,72,0.8,0.9,76,0.8482779708773792,0.6578947368421053,phase3a_per_lead
Princetown,72,0.9,1.0,98,0.9664578462459333,0.7857142857142857,phase3a_per_lead
Hexworthy,24,0.1,0.2,1515,0.13600942308152175,0.11419141914191419,phase3a_per_lead
Hexworthy,24,0.2,0.30000000000000004,167,0.24290849217206317,0.46706586826347307,phase3a_per_lead
Hexworthy,24,0.30000000000000004,0.4,53,0.3406462658781193,0.6981132075471698,phase3a_per_lead
Hexworthy,24,0.4,0.5,38,0.4475985906524698,0.6842105263157895,phase3a_per_lead
Hexworthy,24,0.5,0.6000000000000001,40,0.5569813926497342,0.75,phase3a_per_lead
Hexworthy,24,0.6000000000000001,0.7000000000000001,23,0.6561983947853721,0.5217391304347826,phase3a_per_lead
Hexworthy,24,0.7000000000000001,0.8,23,0.7656373659842587,0.5652173913043478,phase3a_per_lead
Hexworthy,24,0.8,0.9,44,0.8457822594712606,0.6818181818181818,phase3a_per_lead
Hexworthy,24,0.9,1.0,122,0.9772397634054779,0.8360655737704918,phase3a_per_lead
Hexworthy,48,0.0,0.1,162,0.04553166890860584,0.4382716049382716,phase3a_per_lead
Hexworthy,48,0.1,0.2,1598,0.15981001634558387,0.16020025031289112,phase3a_per_lead
Hexworthy,48,0.2,0.30000000000000004,176,0.2278157254370089,0.5681818181818182,phase3a_per_lead
Hexworthy,48,0.30000000000000004,0.4,34,0.34874076311209673,0.6470588235294118,phase3a_per_lead
Hexworthy,48,0.4,0.5,9,0.4603525911685879,0.6666666666666666,phase3a_per_lead
Hexworthy,48,0.5,0.6000000000000001,7,0.5495290584419233,1.0,phase3a_per_lead
Hexworthy,48,0.6000000000000001,0.7000000000000001,12,0.6576885451947089,1.0,phase3a_per_lead
Hexworthy,48,0.7000000000000001,0.8,14,0.746833249156731,1.0,phase3a_per_lead
Hexworthy,48,0.8,0.9,6,0.8379706253418105,1.0,phase3a_per_lead
Hexworthy,48,0.9,1.0,7,0.9767340641427025,1.0,phase3a_per_lead
Hexworthy,72,0.1,0.2,1201,0.16259801226728884,0.1273938384679434,phase3a_per_lead
Hexworthy,72,0.2,0.30000000000000004,555,0.22760533023688417,0.3261261261261261,phase3a_per_lead
Hexworthy,72,0.30000000000000004,0.4,79,0.34343889850754544,0.6708860759493671,phase3a_per_lead
Hexworthy,72,0.4,0.5,37,0.4464812950953698,0.4594594594594595,phase3a_per_lead
Hexworthy,72,0.5,0.6000000000000001,26,0.5544407774717869,0.6153846153846154,phase3a_per_lead
Hexworthy,72,0.6000000000000001,0.7000000000000001,24,0.6361372643710569,0.6666666666666666,phase3a_per_lead
Hexworthy,72,0.7000000000000001,0.8,19,0.7372612829841895,0.6842105263157895,phase3a_per_lead
Hexworthy,72,0.8,0.9,24,0.8613316595907302,0.8333333333333334,phase3a_per_lead
Hexworthy,72,0.9,1.0,26,0.9477452694809778,0.8076923076923077,phase3a_per_lead
Bellever,24,0.0,0.1,126,0.09938959948926421,0.05555555555555555,phase3b_joint_hierarchy
Bellever,24,0.1,0.2,1438,0.12938924353072695,0.09735744089012517,phase3b_joint_hierarchy
Bellever,24,0.2,0.30000000000000004,132,0.2444757764445675,0.3939393939393939,phase3b_joint_hierarchy
Bellever,24,0.30000000000000004,0.4,51,0.3453542569285673,0.5882352941176471,phase3b_joint_hierarchy
Bellever,24,0.4,0.5,37,0.4564711702836915,0.7567567567567568,phase3b_joint_hierarchy
Bellever,24,0.5,0.6000000000000001,34,0.5472528886459578,0.7941176470588235,phase3b_joint_hierarchy
Bellever,24,0.6000000000000001,0.7000000000000001,19,0.6502369961761431,0.47368421052631576,phase3b_joint_hierarchy
Bellever,24,0.7000000000000001,0.8,32,0.766012739761869,0.71875,phase3b_joint_hierarchy
Bellever,24,0.8,0.9,40,0.8490294703961643,0.75,phase3b_joint_hierarchy
Bellever,24,0.9,1.0,115,0.9772891440522065,0.7913043478260869,phase3b_joint_hierarchy
Bellever,48,0.0,0.1,156,0.050935444525597666,0.3974358974358974,phase3b_joint_hierarchy
Bellever,48,0.1,0.2,1674,0.14803040836594003,0.14755077658303464,phase3b_joint_hierarchy
Bellever,48,0.2,0.30000000000000004,101,0.23556050794385452,0.5148514851485149,phase3b_joint_hierarchy
Bellever,48,0.30000000000000004,0.4,31,0.35103298233804686,0.7096774193548387,phase3b_joint_hierarchy
Bellever,48,0.4,0.5,10,0.43015947759496065,0.5,phase3b_joint_hierarchy
Bellever,48,0.5,0.6000000000000001,9,0.543554012057339,0.8888888888888888,phase3b_joint_hierarchy
Bellever,48,0.6000000000000001,0.7000000000000001,14,0.6517527993182719,1.0,phase3b_joint_hierarchy
Bellever,48,0.7000000000000001,0.8,15,0.7510361520965833,1.0,phase3b_joint_hierarchy
Bellever,48,0.8,0.9,6,0.8390682372923889,0.6666666666666666,phase3b_joint_hierarchy
Bellever,48,0.9,1.0,8,0.9725768062632447,1.0,phase3b_joint_hierarchy
Bellever,72,0.1,0.2,1508,0.1556779548260413,0.11538461538461539,phase3b_joint_hierarchy
Bellever,72,0.2,0.30000000000000004,254,0.2384952264066851,0.4251968503937008,phase3b_joint_hierarchy
Bellever,72,0.30000000000000004,0.4,63,0.34265261949660447,0.6666666666666666,phase3b_joint_hierarchy
Bellever,72,0.4,0.5,38,0.44281462383002773,0.5263157894736842,phase3b_joint_hierarchy
Bellever,72,0.5,0.6000000000000001,21,0.5487791784635465,0.5238095238095238,phase3b_joint_hierarchy
Bellever,72,0.6000000000000001,0.7000000000000001,32,0.6476537738171401,0.53125,phase3b_joint_hierarchy
Bellever,72,0.7000000000000001,0.8,17,0.7468254160866854,0.7647058823529411,phase3b_joint_hierarchy
Bellever,72,0.8,0.9,18,0.8508536660551012,0.6666666666666666,phase3b_joint_hierarchy
Bellever,72,0.9,1.0,39,0.9531371308936667,0.7948717948717948,phase3b_joint_hierarchy
Princetown,24,0.1,0.2,1547,0.14508921607510847,0.13186813186813187,phase3b_joint_hierarchy
Princetown,24,0.2,0.30000000000000004,246,0.23891413412933832,0.35365853658536583,phase3b_joint_hierarchy
Princetown,24,0.30000000000000004,0.4,80,0.3428390634094124,0.55,phase3b_joint_hierarchy
Princetown,24,0.4,0.5,82,0.4543592859996137,0.6097560975609756,phase3b_joint_hierarchy
Princetown,24,0.5,0.6000000000000001,57,0.5496293071274064,0.5263157894736842,phase3b_joint_hierarchy
Princetown,24,0.6000000000000001,0.7000000000000001,44,0.6376132838625556,0.5909090909090909,phase3b_joint_hierarchy
Princetown,24,0.7000000000000001,0.8,58,0.7517363670227805,0.6896551724137931,phase3b_joint_hierarchy
Princetown,24,0.8,0.9,58,0.8541988295742504,0.5344827586206896,phase3b_joint_hierarchy
Princetown,24,0.9,1.0,342,0.9811850741416299,0.8099415204678363,phase3b_joint_hierarchy
Princetown,48,0.0,0.1,335,0.04508539608943355,0.608955223880597,phase3b_joint_hierarchy
Princetown,48,0.1,0.2,1702,0.16199772990062034,0.1891891891891892,phase3b_joint_hierarchy
Princetown,48,0.2,0.30000000000000004,252,0.23037724900407616,0.43253968253968256,phase3b_joint_hierarchy
Princetown,48,0.30000000000000004,0.4,73,0.3484407885165825,0.6164383561643836,phase3b_joint_hierarchy
Princetown,48,0.4,0.5,32,0.44790200736680563,0.5,phase3b_joint_hierarchy
Princetown,48,0.5,0.6000000000000001,32,0.5571975165298726,0.71875,phase3b_joint_hierarchy
Princetown,48,0.6000000000000001,0.7000000000000001,32,0.6542653606646516,0.78125,phase3b_joint_hierarchy
Princetown,48,0.7000000000000001,0.8,21,0.7413392392665072,0.9047619047619048,phase3b_joint_hierarchy
Princetown,48,0.8,0.9,19,0.8629314438317679,0.8421052631578947,phase3b_joint_hierarchy
Princetown,48,0.9,1.0,16,0.9336277148492538,0.625,phase3b_joint_hierarchy
Princetown,72,0.1,0.2,1323,0.17590540146876196,0.14965986394557823,phase3b_joint_hierarchy
Princetown,72,0.2,0.30000000000000004,545,0.23585692428980273,0.3467889908256881,phase3b_joint_hierarchy
Princetown,72,0.30000000000000004,0.4,165,0.3402712350919633,0.503030303030303,phase3b_joint_hierarchy
Princetown,72,0.4,0.5,101,0.4483550657634486,0.6138613861386139,phase3b_joint_hierarchy
Princetown,72,0.5,0.6000000000000001,96,0.5477952274040226,0.65625,phase3b_joint_hierarchy
Princetown,72,0.6000000000000001,0.7000000000000001,83,0.6463129960208968,0.5662650602409639,phase3b_joint_hierarchy
Princetown,72,0.7000000000000001,0.8,56,0.7612003140144293,0.75,phase3b_joint_hierarchy
Princetown,72,0.8,0.9,58,0.8437015626529834,0.6379310344827587,phase3b_joint_hierarchy
Princetown,72,0.9,1.0,87,0.9627730464705988,0.7816091954022989,phase3b_joint_hierarchy
Hexworthy,24,0.1,0.2,1506,0.1368692058591971,0.1148738379814077,phase3b_joint_hierarchy
Hexworthy,24,0.2,0.30000000000000004,180,0.24100236816018644,0.4444444444444444,phase3b_joint_hierarchy
Hexworthy,24,0.30000000000000004,0.4,56,0.3441440198424593,0.6964285714285714,phase3b_joint_hierarchy
Hexworthy,24,0.4,0.5,36,0.44955869833347595,0.75,phase3b_joint_hierarchy
Hexworthy,24,0.5,0.6000000000000001,40,0.5501790750923639,0.65,phase3b_joint_hierarchy
Hexworthy,24,0.6000000000000001,0.7000000000000001,20,0.6467652553247217,0.55,phase3b_joint_hierarchy
Hexworthy,24,0.7000000000000001,0.8,36,0.7609107888493886,0.6944444444444444,phase3b_joint_hierarchy
Hexworthy,24,0.8,0.9,39,0.8485734070126905,0.6923076923076923,phase3b_joint_hierarchy
Hexworthy,24,0.9,1.0,112,0.9753199240062617,0.8303571428571429,phase3b_joint_hierarchy
Hexworthy,48,0.0,0.1,148,0.04755750800307004,0.43243243243243246,phase3b_joint_hierarchy
Hexworthy,48,0.1,0.2,1597,0.15945358705683693,0.15904821540388228,phase3b_joint_hierarchy
Hexworthy,48,0.2,0.30000000000000004,188,0.2292372855265692,0.5638297872340425,phase3b_joint_hierarchy
Hexworthy,48,0.30000000000000004,0.4,34,0.35292910169914954,0.6764705882352942,phase3b_joint_hierarchy
Hexworthy,48,0.4,0.5,11,0.45369213999213437,0.6363636363636364,phase3b_joint_hierarchy
Hexworthy,48,0.5,0.6000000000000001,8,0.5511970902603749,1.0,phase3b_joint_hierarchy
Hexworthy,48,0.6000000000000001,0.7000000000000001,10,0.6654853194216565,1.0,phase3b_joint_hierarchy
Hexworthy,48,0.7000000000000001,0.8,15,0.7419090804240726,1.0,phase3b_joint_hierarchy
Hexworthy,48,0.8,0.9,7,0.8396633372023563,1.0,phase3b_joint_hierarchy
Hexworthy,48,0.9,1.0,7,0.9780649735777095,1.0,phase3b_joint_hierarchy
Hexworthy,72,0.1,0.2,1199,0.16332222058170476,0.12176814011676397,phase3b_joint_hierarchy
Hexworthy,72,0.2,0.30000000000000004,555,0.22705600067738446,0.33693693693693694,phase3b_joint_hierarchy
Hexworthy,72,0.30000000000000004,0.4,81,0.34433017178576586,0.6666666666666666,phase3b_joint_hierarchy
Hexworthy,72,0.4,0.5,36,0.44824453639622014,0.4166666666666667,phase3b_joint_hierarchy
Hexworthy,72,0.5,0.6000000000000001,26,0.5520378841208857,0.6538461538461539,phase3b_joint_hierarchy
Hexworthy,72,0.6000000000000001,0.7000000000000001,30,0.6493727802065398,0.7,phase3b_joint_hierarchy
Hexworthy,72,0.7000000000000001,0.8,13,0.7473973916798424,0.7692307692307693,phase3b_joint_hierarchy
Hexworthy,72,0.8,0.9,25,0.854731684931007,0.8,phase3b_joint_hierarchy
Hexworthy,72,0.9,1.0,26,0.9464763691916249,0.7692307692307693,phase3b_joint_hierarchy
