date,station,lead,window_length,bayesian_mean_p,bayesian_ci_lo,bayesian_ci_hi,lightgbm_stripped_mean_p,lightgbm_native_mean_p,observed_truth
2025-09-25,Bellever,24,2,1.0,0.9973012778097151,1.0,1.0,1.0,1
2025-09-25,Bellever,24,3,1.0,0.9973012778097151,1.0,1.0,1.0,1
2025-09-25,Bellever,24,4,1.0,0.9973012778097151,1.0,1.0,1.0,1
2025-09-25,Bellever,24,6,0.999,0.9955297738736323,0.9997769013804633,1.0,1.0,1
2025-09-25,Princetown,24,2,1.0,0.9973012778097151,1.0,1.0,1.0,1
2025-09-25,Princetown,24,3,1.0,0.9973012778097151,1.0,1.0,1.0,1
2025-09-25,Princetown,24,4,1.0,0.9973012778097151,1.0,1.0,1.0,1
2025-09-25,Princetown,24,6,0.996,0.9911197578210088,0.9982031097662284,1.0,1.0,1
2025-09-25,Hexworthy,24,2,1.0,0.9973012778097151,1.0,1.0,1.0,1
2025-09-25,Hexworthy,24,3,1.0,0.9973012778097151,1.0,1.0,1.0,1
2025-09-25,Hexworthy,24,4,1.0,0.9973012778097151,1.0,1.0,1.0,1
2025-09-25,Hexworthy,24,6,0.99,0.9833422702488035,0.9940129820047172,1.0,1.0,1
2025-09-17,Bellever,24,2,0.986,0.9784455530410068,0.9909312889900361,0.952,0.255,0
2025-09-17,Bellever,24,3,0.788,0.7659756076392148,0.8084699283791812,0.652,0.021,0
2025-09-17,Bellever,24,4,0.458,0.43223028528777674,0.4839964073762072,0.316,0.004,0
2025-09-17,Bellever,24,6,0.119,0.10317625309050674,0.13688017321849047,0.05,0.0,0
2025-09-17,Princetown,24,2,0.945,0.9318949381654051,0.9557031990852412,0.952,0.255,0
2025-09-17,Princetown,24,3,0.614,0.5884000028533027,0.6389846884873123,0.652,0.021,0
2025-09-17,Princetown,24,4,0.305,0.2816026520965905,0.3294498495576206,0.316,0.004,0
2025-09-17,Princetown,24,6,0.066,0.05422011240846577,0.08012237845270165,0.05,0.0,0
2025-09-17,Hexworthy,24,2,0.959,0.9473860530763898,0.9681365199529286,0.952,0.255,0
2025-09-17,Hexworthy,24,3,0.641,0.6156961568164017,0.6655428035259381,0.652,0.021,0
2025-09-17,Hexworthy,24,4,0.305,0.2816026520965905,0.3294498495576206,0.316,0.004,0
2025-09-17,Hexworthy,24,6,0.057,0.04609229808906355,0.070298769771529,0.05,0.0,0
2025-09-13,Bellever,24,2,1.0,0.9973012778097151,1.0,1.0,1.0,1
2025-09-13,Bellever,24,3,1.0,0.9973012778097151,1.0,1.0,0.994,1
2025-09-13,Bellever,24,4,0.996,0.9911197578210088,0.9982031097662284,0.997,0.945,1
2025-09-13,Bellever,24,6,0.933,0.9187905436513015,0.9448723629319118,0.906,0.6,1
2025-09-13,Princetown,24,2,1.0,0.9973012778097151,1.0,1.0,1.0,1
2025-09-13,Princetown,24,3,1.0,0.9973012778097151,1.0,1.0,0.994,1
2025-09-13,Princetown,24,4,0.993,0.9871386394879419,0.9962004204324372,0.997,0.945,1
2025-09-13,Princetown,24,6,0.88,0.8620618647434383,0.8958871063919452,0.906,0.6,1
2025-09-13,Hexworthy,24,2,1.0,0.9973012778097151,1.0,1.0,1.0,1
2025-09-13,Hexworthy,24,3,0.999,0.9955297738736323,0.9997769013804633,1.0,0.994,1
2025-09-13,Hexworthy,24,4,0.989,0.9821035030647792,0.993257146633122,0.997,0.945,1
2025-09-13,Hexworthy,24,6,0.859,0.8399257676480346,0.8761365498193406,0.906,0.6,1
2025-09-22,Bellever,24,2,1.0,0.9973012778097151,1.0,1.0,1.0,1
2025-09-22,Bellever,24,3,1.0,0.9973012778097151,1.0,1.0,1.0,1
2025-09-22,Bellever,24,4,1.0,0.9973012778097151,1.0,1.0,1.0,1
2025-09-22,Bellever,24,6,0.999,0.9955297738736323,0.9997769013804633,1.0,1.0,1
2025-09-22,Princetown,24,2,1.0,0.9973012778097151,1.0,1.0,1.0,1
2025-09-22,Princetown,24,3,1.0,0.9973012778097151,1.0,1.0,1.0,1
2025-09-22,Princetown,24,4,1.0,0.9973012778097151,1.0,1.0,1.0,1
2025-09-22,Princetown,24,6,0.996,0.9911197578210088,0.9982031097662284,1.0,1.0,1
2025-09-22,Hexworthy,24,2,1.0,0.9973012778097151,1.0,1.0,1.0,1
2025-09-22,Hexworthy,24,3,1.0,0.9973012778097151,1.0,1.0,1.0,1
2025-09-22,Hexworthy,24,4,1.0,0.9973012778097151,1.0,1.0,1.0,1
2025-09-22,Hexworthy,24,6,0.99,0.9833422702488035,0.9940129820047172,1.0,1.0,1
2025-10-05,Bellever,24,2,1.0,0.9973012778097151,1.0,1.0,1.0,1
2025-10-05,Bellever,24,3,1.0,0.9973012778097151,1.0,1.0,1.0,1
2025-10-05,Bellever,24,4,1.0,0.9973012778097151,1.0,1.0,1.0,1
2025-10-05,Bellever,24,6,0.999,0.9955297738736323,0.9997769013804633,0.99,0.997,1
2025-10-05,Princetown,24,2,1.0,0.9973012778097151,1.0,1.0,1.0,1
2025-10-05,Princetown,24,3,1.0,0.9973012778097151,1.0,1.0,1.0,1
2025-10-05,Princetown,24,4,1.0,0.9973012778097151,1.0,1.0,1.0,1
2025-10-05,Princetown,24,6,0.962,0.950742744668891,0.9707636360272855,0.99,0.997,1
2025-10-05,Hexworthy,24,2,1.0,0.9973012778097151,1.0,1.0,1.0,1
2025-10-05,Hexworthy,24,3,1.0,0.9973012778097151,1.0,1.0,1.0,1
2025-10-05,Hexworthy,24,4,0.999,0.9955297738736323,0.9997769013804633,1.0,1.0,1
2025-10-05,Hexworthy,24,6,0.968,0.9575071121770546,0.9759668838528386,0.99,0.997,1
2025-09-14,Bellever,24,2,1.0,0.9973012778097151,1.0,1.0,1.0,1
2025-09-14,Bellever,24,3,0.981,0.9724917476005512,0.9869120816523946,0.989,0.999,1
2025-09-14,Bellever,24,4,0.887,0.8694757156694473,0.9024354733552722,0.931,0.985,1
2025-09-14,Bellever,24,6,0.614,0.5884000028533027,0.6389846884873123,0.72,0.888,1
2025-09-14,Princetown,24,2,0.994,0.9884392411335976,0.9968944213424009,1.0,1.0,1
2025-09-14,Princetown,24,3,0.937,0.9231439428890583,0.9484973739166328,0.989,0.999,1
2025-09-14,Princetown,24,4,0.744,0.720660175185207,0.766022848385934,0.931,0.985,1
2025-09-14,Princetown,24,6,0.37,0.34526706967419396,0.39543459809528014,0.72,0.888,1
2025-09-14,Hexworthy,24,2,1.0,0.9973012778097151,1.0,1.0,1.0,1
2025-09-14,Hexworthy,24,3,0.966,0.9552440587208006,0.9742407321978537,0.989,0.999,1
2025-09-14,Hexworthy,24,4,0.833,0.8127046876975867,0.8514979633236834,0.931,0.985,1
2025-09-14,Hexworthy,24,6,0.521,0.49499157115287357,0.5468950825151345,0.72,0.888,1
